<?xml version="1.0" encoding="UTF-8"?>
<project xmlns="http://www.netbeans.org/ns/project/1">
    <type>com.microchip.mplab.nbide.embedded.makeproject</type>
    <configuration>
        <data xmlns="http://www.netbeans.org/ns/make-project/1">
            <name>MUNIA-SNES</name>
            <make-project-type>0</make-project-type>
            <c-extensions>c</c-extensions>
            <cpp-extensions/>
            <header-extensions>h</header-extensions>
            <sourceEncoding>UTF-8</sourceEncoding>
            <asminc-extensions>inc</asminc-extensions>
            <make-dep-projects>
                <make-dep-project>C:/microchip/mla/v2015_08_10/apps/usb/device/bootloaders/firmware/pic18_non_j/MPLAB.X</make-dep-project>
            </make-dep-projects>
            <sourceRootList>
                <sourceRootElem>.</sourceRootElem>
                <sourceRootElem>C:\microchip\mla\v2015_08_10\apps\usb\device\bootloaders\firmware\pic18_non_j\src</sourceRootElem>
            </sourceRootList>
            <confList>
                <confElem>
                    <name>release</name>
                    <type>2</type>
                </confElem>
                <confElem>
                    <name>debug</name>
                    <type>2</type>
                </confElem>
                <confElem>
                    <name>simul</name>
                    <type>2</type>
                </confElem>
            </confList>
            <formatting>
                <project-formatting-style>false</project-formatting-style>
            </formatting>
        </data>
    </configuration>
</project>
