<?xml version="1.0" encoding="UTF-8"?>
<project xmlns="http://www.netbeans.org/ns/project/1">
    <type>com.microchip.mplab.nbide.embedded.makeproject</type>
    <configuration>
        <data xmlns="http://www.netbeans.org/ns/make-project/1">
            <name>HID Bootloader - PIC18 Non-J</name>
            <creation-uuid>10ecf416-ca94-402f-a3ea-0a0beb0c5a13</creation-uuid>
            <make-project-type>0</make-project-type>
            <c-extensions>c</c-extensions>
            <cpp-extensions/>
            <header-extensions>h</header-extensions>
            <sourceEncoding>ISO-8859-1</sourceEncoding>
            <asminc-extensions/>
            <make-dep-projects/>
            <sourceRootList>
                <sourceRootElem>../</sourceRootElem>
            </sourceRootList>
            <confList>
                <confElem>
                    <name>PIC18F14K50_XC8</name>
                    <type>2</type>
                </confElem>
                <confElem>
                    <name>PIC18F14K50_C18</name>
                    <type>2</type>
                </confElem>
                <confElem>
                    <name>PIC18F45K50_XC8</name>
                    <type>2</type>
                </confElem>
                <confElem>
                    <name>PIC18F45K50_C18</name>
                    <type>2</type>
                </confElem>
                <confElem>
                    <name>PIC18F4550_XC8</name>
                    <type>2</type>
                </confElem>
                <confElem>
                    <name>PIC18F4550_C18</name>
                    <type>2</type>
                </confElem>
            </confList>
            <formatting>
                <project-formatting-style>false</project-formatting-style>
            </formatting>
        </data>
    </configuration>
</project>
